customer_id,name,email,gender,age,location,signup_date
1,Douglas Scott,pholmes@example.com,Female,58,East Sarahland,2024-03-08
2,Joshua Carter,stephengregory@example.org,Female,30,Lake Amanda,2023-11-27
3,Justin Landry,bwalter@example.com,Female,41,Jamesmouth,2025-05-28
4,Ronald Johnson,harriseddie@example.net,Female,51,Smithberg,2023-10-26
5,Amy Adams,davisheather@example.net,Female,22,New Andreashire,2024-04-28
6,Hayley White,uryan@example.org,Male,52,South Alexisview,2024-09-18
7,Victoria Dean,heather12@example.com,Male,20,Kimberlychester,2024-11-27
8,Amy Diaz,ireynolds@example.com,Male,53,West Christine,2024-06-10
9,Ricky Garcia,dianafrazier@example.net,Male,30,South Karen,2024-04-26
10,Vanessa Weber DVM,sextonjames@example.net,Male,24,Rachelside,2024-06-01
11,Julia Clark,kathryn46@example.com,Male,34,Ortizstad,2023-09-21
12,Christopher Brown,ksmith@example.net,Male,55,West Brad,2023-09-17
13,Jason Parker,alexa11@example.net,Male,29,Maryside,2024-06-18
14,Matthew Parsons,banksjohn@example.com,Female,46,Justinchester,2023-11-22
15,Joshua Small,johnsonbrooke@example.com,Female,45,Louisbury,2024-07-08
16,Erika Donaldson,saraatkinson@example.net,Male,35,Williamsmouth,2025-03-05
17,Eric Francis,kanedonald@example.net,Male,35,Christinatown,2025-05-11
18,Carol Johnson,charlesbarrett@example.net,Male,43,South Heather,2024-06-26
19,Ralph Reyes,millershelby@example.net,Male,45,Port Taylor,2025-03-04
20,Steven Freeman,brendarubio@example.org,Male,32,Saraport,2025-05-14
21,Troy Cunningham,craigbryant@example.org,Male,56,Port Davidburgh,2023-09-23
22,Patrick Hicks,kenglish@example.net,Male,51,East Susanshire,2023-07-19
23,Eric Adams,imckenzie@example.net,Male,46,Port Davidland,2025-02-08
24,Mrs. Kelli Peck MD,aguilarbrian@example.org,Female,19,Carrieton,2023-07-01
25,Douglas Harris,odonnellkatelyn@example.net,Female,47,West Shaun,2024-09-04
26,Edward Osborn,kimberly17@example.net,Female,56,South Maryport,2023-11-18
27,Wendy Johnson,jaredlong@example.org,Female,40,Markport,2023-11-01
28,Jonathon Leach,jgallagher@example.net,Female,59,New Marciastad,2023-07-22
29,Jennifer Pacheco,jared53@example.org,Female,49,Lake Johnny,2023-12-05
30,Jason Smith,rachel84@example.net,Male,30,Marquezton,2023-10-30
31,Christopher Doyle,meganrice@example.com,Female,58,Sylviaton,2024-04-20
32,Kevin Rodgers,brandy67@example.com,Female,47,Lake Amberfort,2024-10-02
33,Cory Jacobs,kevinjuarez@example.net,Male,55,Johnsonside,2024-10-12
34,Rachel Anderson,hbrown@example.org,Female,52,South Lori,2023-07-06
35,Patricia Johnson,kmartinez@example.org,Female,39,Mitchellmouth,2023-09-25
36,Stephanie Harris,blewis@example.com,Female,59,Nathanielfurt,2024-01-05
37,Chelsea Hoffman,smithterry@example.net,Female,28,Woodmouth,2024-09-06
38,Mathew Skinner,troylewis@example.org,Male,45,Meganport,2024-11-09
39,James Miller,veronica49@example.net,Male,27,Smithbury,2023-12-21
40,Joel Perez,vrice@example.org,Female,58,Bensonfort,2024-10-12
41,Heather Cox,mpetersen@example.com,Male,41,Starkhaven,2023-07-07
42,Christina Martin,nicole08@example.net,Female,41,Cardenasstad,2024-03-02
43,Sandra Reed,mmills@example.com,Female,20,New Christinachester,2023-12-12
44,Leslie Schwartz,crodriguez@example.org,Female,35,East Anthony,2025-02-14
45,Ashlee Baker,hensonsamuel@example.net,Female,29,Jamesland,2023-09-09
46,Timothy Steele,elizabeth56@example.com,Male,33,Davenportside,2025-06-07
47,Jose Marquez,lewisrachel@example.org,Female,51,Port Nicole,2025-02-01
48,Andrew Bender,kimberlyallen@example.com,Male,30,Terrimouth,2024-08-28
49,Jeffrey Cox,georgehogan@example.net,Female,29,West Zachary,2024-05-20
50,Elizabeth Young,crystalgomez@example.com,Male,27,Rodriguezside,2024-11-12
51,Emily Cochran,jjuarez@example.org,Male,26,West Robert,2023-11-17
52,Julian Garcia,spencerfletcher@example.net,Female,49,Johnsonchester,2024-07-29
53,Danny Jackson,blackstacy@example.com,Female,23,North Amandatown,2023-10-14
54,Tina Murphy,msmith@example.com,Male,45,Port Courtney,2024-02-25
55,Ryan Williams,jenniferwinters@example.org,Male,41,East Brianville,2024-02-12
56,Elaine Cook,petersenadam@example.net,Female,38,Alexanderport,2025-01-09
57,Lisa Gibson,wendycollins@example.net,Female,40,West Brandonstad,2024-03-30
58,Joshua Lewis,patriciadavis@example.com,Female,34,West Danielfort,2024-01-14
59,Megan Johnson,erin01@example.com,Female,31,Lindaberg,2023-09-18
60,Jacob Estes,renee26@example.com,Male,36,New Michaelburgh,2025-05-04
61,Kayla Sims,potterronald@example.com,Female,22,Mitchellmouth,2023-10-31
62,Alison Daniel,wandacurry@example.com,Male,58,North Staceyshire,2024-02-04
63,Joshua Mccarthy,rcollins@example.com,Male,44,Masonfort,2023-10-22
64,Judith Livingston,burtonkevin@example.net,Female,46,West David,2023-10-26
65,Amanda Thomas,berrykimberly@example.com,Male,38,Port Angelafurt,2024-02-06
66,Leah Contreras,iallen@example.com,Female,39,Lake David,2024-12-03
67,Bryan Schmidt,sarah87@example.com,Female,41,West Johnville,2024-05-02
68,Deanna Mann,jon48@example.net,Male,30,Carrieland,2024-06-28
69,Harold Keller,bairdwendy@example.com,Male,36,Hurleyfurt,2025-02-26
70,Christopher Anderson,gerickson@example.com,Female,32,West Sarahborough,2024-03-08
71,Jacob Woodward,jacob73@example.com,Male,42,Leslietown,2023-11-04
72,Michael Williams,gutierrezroger@example.org,Female,28,Williamsport,2024-02-01
73,Robert Jones MD,davisjacob@example.com,Female,52,Lewisberg,2023-06-17
74,Kevin Vargas,melissaboyle@example.org,Female,46,West Seanfort,2025-01-18
75,Paul Williams PhD,sandersjeremiah@example.net,Male,33,North Kayla,2024-07-02
76,Christopher Gonzales,richardsonbenjamin@example.com,Male,57,West Cheryl,2023-10-28
77,Michael Rodriguez,thompsonpaula@example.net,Female,24,Port Kristine,2025-05-13
78,Kyle Mckee,mariaterry@example.net,Male,22,New Douglas,2023-10-03
79,Sophia Kirk,clarkanna@example.com,Male,18,Caitlinmouth,2023-11-23
80,Anthony Young,brennanmarcus@example.net,Female,50,Port Tracy,2024-04-11
81,Lori Hogan,jwhite@example.org,Male,21,Juanfurt,2024-08-20
82,Tiffany Perry,lawrence97@example.org,Male,46,Lucasmouth,2023-12-14
83,Matthew Jones DDS,lynn42@example.org,Male,33,North Pamela,2024-09-16
84,James Smith,steven04@example.net,Female,57,Donnaburgh,2024-04-27
85,Wanda Moreno,nicolelucero@example.net,Male,46,Maryfurt,2023-12-18
86,Nicholas Taylor,steven46@example.net,Female,22,West Gary,2024-02-25
87,Thomas Rodriguez,annaparks@example.com,Female,52,Eatonville,2024-04-08
88,Allison Johnson,austin89@example.net,Male,47,West Christopherton,2024-05-07
89,Kathy Miller,alexandra90@example.com,Female,31,Port Scott,2024-12-13
90,Brittany Lewis,jeffreymason@example.org,Female,47,New Andrewland,2023-12-26
91,Mary Cruz,freemanrhonda@example.org,Female,42,Brownside,2024-01-18
92,Savannah James,tanyasmith@example.org,Female,58,Lake Ryanberg,2024-06-30
93,Gregory Johnson,mark20@example.com,Female,39,Weissside,2025-05-23
94,Brandon Lewis,elizabeth19@example.com,Male,26,Jasontown,2024-04-09
95,Lisa Hartman,stephanie06@example.net,Female,42,Mooreborough,2023-07-18
96,Nathan Graves,cynthiadavis@example.net,Male,44,Port Patrickshire,2024-04-03
97,Henry Mitchell,christopherward@example.org,Female,37,Georgeburgh,2024-08-06
98,James Johnson,mitchellalexis@example.org,Female,42,Medinashire,2025-04-01
99,Donna Smith,chadlewis@example.com,Female,22,Reyesberg,2025-05-12
100,Jason Ford,douglasanderson@example.org,Female,18,Timothyside,2024-04-05
101,John Navarro,jon67@example.net,Male,39,Sandrastad,2023-09-01
102,Katie Edwards,caitlin90@example.com,Male,45,Lake Davidville,2024-06-14
103,Kevin Leon,shawn93@example.org,Female,57,West Tracyhaven,2024-02-04
104,Karen Miranda,dudleyanthony@example.org,Female,37,Port Kevin,2023-09-03
105,David Johnson,lfoster@example.org,Female,54,Simpsonport,2025-05-06
106,Diana Davidson,blackburnerin@example.org,Male,23,Joshuatown,2025-03-30
107,Gary Owens,tiffanyphillips@example.com,Male,19,North Heather,2024-12-09
108,Brandon Craig,umay@example.org,Male,24,East Jeremy,2024-04-29
109,Pamela Smith,jessicazimmerman@example.com,Female,21,Melaniemouth,2023-10-14
110,Ashley Morgan,tinavelasquez@example.com,Female,57,Juliefurt,2023-11-29
111,Ray Hayes,clinejim@example.org,Female,20,Shepherdport,2025-03-21
112,Juan Morrow,derekhuber@example.net,Male,27,Port Stephaniechester,2025-05-15
113,Shane Barton,shermanwendy@example.org,Male,59,West Jacquelinefurt,2025-01-25
114,Jessica Anderson,ruben00@example.net,Male,49,Port Colleenhaven,2024-07-12
115,Ronald Booth,ehenry@example.org,Male,18,Stewartland,2024-10-21
116,Kayla Smith,jerrygreen@example.net,Female,27,Tiffanybury,2025-02-12
117,Billy Smith,patricktodd@example.net,Female,26,East Wendytown,2024-01-14
118,Sarah Martinez,wendyneal@example.com,Female,25,Fischerstad,2024-09-29
119,Cassandra Williams,molly21@example.com,Male,48,North Stevenfort,2024-02-08
120,Pamela Wyatt,juliereid@example.org,Male,29,Masonport,2023-10-21
121,Tyler Garcia,smithkelly@example.org,Female,28,New Michael,2023-06-30
122,Jared Collins,manningfrank@example.com,Female,52,Fisherfurt,2025-01-21
123,Scott Calhoun,arussell@example.com,Male,26,Karenshire,2023-10-17
124,Darren Smith,jeanne66@example.com,Female,44,South Annaborough,2024-11-01
125,Robert Wolfe,wblankenship@example.com,Female,40,Clineport,2024-07-28
126,Richard Robinson,zlittle@example.net,Male,25,New Thomasview,2024-06-05
127,Lauren Chen,sstewart@example.com,Male,19,Sanchezhaven,2023-11-05
128,Michael Stevenson Jr.,nduffy@example.net,Female,40,Jenkinston,2025-05-27
129,David Ryan,richard86@example.net,Male,35,Millertown,2023-06-15
130,Renee Harrell,thomasanthony@example.org,Female,57,New Kimberly,2024-05-13
131,Desiree Arroyo,zachary13@example.com,Male,27,Allenbury,2024-11-16
132,Edwin Garcia,ewilliams@example.com,Male,41,West Sophiaport,2023-10-10
133,Micheal Kline,farleyelizabeth@example.com,Female,39,Port Peter,2025-06-08
134,Wanda Bell,qsmith@example.org,Male,24,Lake Michaelmouth,2023-12-28
135,Debra Mooney,zoestevens@example.com,Female,42,Patelshire,2025-05-09
136,Heather Martin,julia99@example.org,Male,21,North Alicia,2024-01-27
137,Bradley King,john35@example.org,Female,57,Williamsstad,2023-07-04
138,Amanda Snyder,tylernelson@example.com,Male,50,Savannahport,2024-05-04
139,Kristina Smith,paula11@example.com,Male,52,Harrellfurt,2023-09-19
140,Christina Moore,charlene23@example.net,Female,37,South Barbara,2024-07-29
141,Diana Russell,brookebishop@example.com,Male,41,Leefurt,2023-06-14
142,Anthony Bowman,bbarrett@example.org,Male,57,West Patrickstad,2024-10-02
143,Jill Howe,patriciaparrish@example.org,Male,29,Wrighthaven,2024-08-16
144,Jeffrey Reed,susanburns@example.org,Male,55,South Joanne,2024-03-31
145,Alicia Brown,ramosjason@example.net,Female,46,Freemanhaven,2025-01-08
146,Robin Johnson,stephenestrada@example.net,Female,31,North Charles,2024-10-30
147,Kimberly Nunez,rpacheco@example.com,Male,46,Nicoleview,2024-09-01
148,Eric Garza,urobinson@example.net,Male,39,North Nancy,2024-08-29
149,Susan Walton,tmann@example.net,Female,47,Lake Toddport,2023-09-21
150,Angela Henry,johnsonleonard@example.org,Male,52,Danielberg,2025-03-27
151,Anthony Gibbs,imathis@example.org,Male,56,North Michael,2023-11-10
152,Antonio Weaver,thomas12@example.org,Male,34,New Daniel,2025-02-13
153,Shawn Franklin,jeffrey19@example.net,Male,46,Georgeland,2024-09-13
154,Sharon Hebert,michaellittle@example.net,Male,34,Justinmouth,2024-12-27
155,Carrie Higgins,jeromecarter@example.org,Male,35,East Jennifermouth,2023-10-28
156,Jose Blanchard,chad86@example.com,Female,22,West Chelsea,2023-06-16
157,Daniel Torres,eric72@example.net,Female,56,Huntstad,2024-02-13
158,Cynthia Duarte,josephstephens@example.com,Male,39,West Denise,2025-06-04
159,Caitlyn Lara,andrewvargas@example.net,Male,46,Mcdowellchester,2023-08-09
160,Alicia Scott,welchsteven@example.com,Female,33,Maryville,2024-12-20
161,Rebecca Martin,lindseygreen@example.net,Female,49,Adamsport,2025-01-14
162,John Williams,kimberly56@example.com,Female,34,Krauseberg,2023-12-05
163,Joseph Roberts,shepardjeffery@example.com,Female,56,Nicholasfurt,2024-09-04
164,Jennifer Russo,hbrown@example.net,Female,57,East Tracymouth,2025-04-21
165,Kristin Morales,kingsteven@example.com,Male,23,Port Kellyfort,2025-03-23
166,Ryan Chapman,youngbridget@example.org,Male,18,Mccarthyton,2024-03-05
167,Jennifer Terry,williamsbrian@example.com,Male,40,North Dianamouth,2023-12-21
168,Tracie Townsend,gainesnicholas@example.com,Female,45,Port Anne,2024-01-27
169,Kyle Schultz,owenscynthia@example.org,Female,49,North Jasonburgh,2023-12-28
170,Zachary Banks,shannonterry@example.org,Male,48,Fisherberg,2025-05-26
171,Nicholas Gonzalez,earlschwartz@example.com,Male,53,East Justin,2023-09-01
172,Melissa Garza,jeremywagner@example.org,Male,33,West Martin,2025-06-03
173,Kelly Vaughn,cmcmillan@example.org,Female,25,West Dale,2025-03-21
174,Dr. Heather Swanson MD,chavezdonna@example.org,Male,41,East Kristinashire,2024-03-05
175,Crystal Valencia,omurphy@example.org,Male,59,North Angelaview,2024-07-24
176,Kevin Lee,mperez@example.org,Female,25,North John,2024-11-13
177,Eric Little,lshaw@example.net,Female,48,Jeremyfort,2024-01-11
178,Charles Carroll,connie73@example.net,Male,33,Port Anthony,2025-01-17
179,Travis Sullivan,lance49@example.org,Female,25,South Leahborough,2023-06-19
180,Mindy Ward,trevor60@example.org,Female,31,North Rebeccatown,2024-02-04
181,Larry Anderson,davidgonzalez@example.org,Male,40,Port Lydiaport,2024-02-20
182,William Moody,imiller@example.com,Female,21,Patriciatown,2025-04-08
183,Stacey Wyatt,jenniferwilson@example.com,Female,49,West Ross,2025-04-19
184,Jacqueline Glenn,david33@example.org,Female,52,North Amanda,2024-10-17
185,Thomas Torres,dennisjones@example.com,Female,29,Robertborough,2024-08-29
186,Scott Ross,ireed@example.org,Male,35,New Jerryberg,2025-02-18
187,Scott Moore,qgreen@example.com,Male,39,Weaverfort,2023-12-22
188,Terry Ali,harrisonrobert@example.com,Male,24,Edwardton,2023-06-15
189,Kirsten Henry,grosario@example.org,Male,18,South Katherine,2025-03-22
190,James Lee,ebullock@example.org,Male,29,West Angelaside,2023-07-25
191,Kevin Gonzales,ericarobinson@example.org,Female,19,Woodsmouth,2024-02-20
192,Elizabeth Peterson,baileygonzalez@example.org,Female,43,South Christina,2023-09-19
193,Patrick Rhodes,smiller@example.net,Female,22,Hillbury,2024-08-08
194,Katie Brandt,paige36@example.net,Female,60,Lake Abigail,2023-07-20
195,Steven Brandt,traceywaters@example.com,Male,39,Port Ashleyshire,2025-02-27
196,Jonathan Pennington,qhenderson@example.net,Female,29,Mcmillanton,2025-01-04
197,Cynthia Kane,russelljordan@example.org,Male,26,Port Lindsay,2025-02-03
198,Lauren Wheeler,mbarnes@example.com,Female,43,Millermouth,2024-12-28
199,Daniel Davis,noahbrown@example.net,Female,52,Kentland,2025-05-22
200,Catherine Green,jonesjennifer@example.org,Male,41,Boydton,2023-10-18
201,Jenna Martinez,lopezkimberly@example.net,Male,28,Amyport,2024-03-21
202,Christopher Bond,wbaker@example.net,Female,59,Mollyburgh,2024-08-14
203,Natalie Bernard,kristinrose@example.com,Female,57,Andrewton,2023-06-14
204,Joshua Collins,itorres@example.com,Female,18,Hernandezburgh,2024-01-25
205,Janice Hill,hgreen@example.net,Female,24,Robinview,2024-05-14
206,Veronica Herrera,qolson@example.com,Male,53,Espinozamouth,2025-03-08
207,Cristina Mccall,bsmith@example.net,Female,24,New Roberto,2024-09-08
208,Kelly Jackson,sholloway@example.net,Female,41,Marshallside,2024-06-30
209,Katrina Allen,toneal@example.com,Male,45,East Amy,2024-12-07
210,Robert Morales,pamelavang@example.org,Female,21,Snowville,2023-08-30
211,Sharon Jones,davidgeorge@example.org,Male,54,Christinamouth,2023-06-28
212,James Nelson,thomas13@example.com,Male,30,Lake Tracyfurt,2024-08-03
213,Carly Wilson,stephenschristine@example.com,Female,35,Port James,2023-12-16
214,Stanley Hall,johnwalker@example.net,Male,24,Brianburgh,2024-07-29
215,Megan Williams,keithtaylor@example.net,Male,36,Phillipville,2023-08-20
216,Charles Jones,tammy31@example.com,Female,59,Austinside,2024-05-13
217,Catherine Henry,kevin48@example.org,Female,31,South Rachaelchester,2023-11-13
218,Michelle Phillips,stephanie87@example.net,Male,31,Mooneyburgh,2025-02-18
219,Cathy Delgado,noahjones@example.org,Male,25,Port Michael,2023-12-06
220,Mark Vaughn,wongbrenda@example.org,Male,21,Burtonborough,2023-12-24
221,Emily Fitzgerald,cmartinez@example.net,Female,22,South Dawnshire,2024-08-01
222,Andrew Evans,amanda14@example.net,Female,44,Carrollfort,2023-12-26
223,Jordan Hall,jorge42@example.net,Female,57,Rebeccafurt,2025-02-20
224,William Wade,jaredsantiago@example.org,Male,28,North Briannatown,2024-07-13
225,Sarah Barber,robinharris@example.org,Female,55,North Jamiefort,2024-05-02
226,Jennifer Padilla,jenniferjohns@example.org,Male,56,Morenoport,2024-12-16
227,Donna Williams,bingram@example.net,Male,45,Sandersview,2025-05-14
228,Peter Powell,caustin@example.org,Male,38,Port Jeffreyshire,2024-04-27
229,Stacey Jackson,jonesjamie@example.org,Male,45,Johnmouth,2023-12-11
230,Thomas Parker,bennettwilliam@example.com,Female,46,South Dawnhaven,2023-09-08
231,Miranda Burgess,catherine70@example.org,Male,25,Jillland,2025-01-02
232,Veronica Meyers,melaniemeyer@example.net,Male,28,Wattsstad,2025-01-17
233,Justin Nelson,talvarado@example.net,Male,53,Robinborough,2024-06-19
234,Joseph Burns,brett63@example.com,Female,59,Summersberg,2024-05-21
235,Phyllis Dominguez,bmartinez@example.org,Female,45,Nicholston,2025-04-27
236,Kathryn Warren,diamondsnyder@example.com,Female,34,Curryview,2025-06-05
237,Brad Ponce,johnanderson@example.org,Male,48,Strongville,2025-02-01
238,Carrie Hernandez,owenjames@example.org,Female,27,Allenmouth,2024-11-02
239,Jeremy Moore,richard67@example.org,Female,24,New Amanda,2024-10-19
240,Gregory Banks,robinsonronald@example.com,Female,33,Michaelfort,2023-11-18
241,Holly Chung,wilsonjohn@example.net,Female,41,South Danaton,2025-04-14
242,Amanda Smith,johnsonmichael@example.org,Female,31,Vargasfort,2024-11-13
243,Maxwell Torres,gardnerjacqueline@example.org,Female,31,Lake Elizabeth,2025-05-08
244,Angelica Graham,markwhite@example.com,Female,44,South Matthew,2025-02-28
245,Cynthia Smith,kaitlyn48@example.com,Male,35,West Martinfurt,2025-06-03
246,Bonnie Johnson,oanderson@example.org,Female,46,Heathermouth,2023-12-18
247,Kyle Miller,clarktina@example.com,Female,34,Joshualand,2023-07-07
248,Carolyn Butler,aaronlewis@example.org,Male,25,Kimbury,2023-10-14
249,William Scott,oespinoza@example.com,Male,38,Thomasport,2023-10-03
250,Kyle Gregory,jvillanueva@example.org,Female,40,Port Martinhaven,2024-01-05
251,Raymond Wilson,pjones@example.com,Female,20,Tracyberg,2025-03-11
252,Brittany Wilson,darrell53@example.org,Male,38,West Amberhaven,2023-11-01
253,Angela Richard,douglas94@example.com,Male,35,West John,2024-02-15
254,Sara Bates,monica87@example.org,Male,40,Stewartton,2024-02-10
255,Michelle Perez,zbowen@example.net,Male,46,Hornstad,2023-09-11
256,Sierra Montoya,stephanie69@example.net,Male,41,North Susanview,2024-05-16
257,Kyle Jones,taylorlaura@example.org,Female,50,Port Terrence,2025-03-19
258,Matthew Elliott,amandareeves@example.net,Male,24,New Robert,2023-09-18
259,Michael Obrien,sarah19@example.net,Female,42,Shaunbury,2024-09-06
260,Mrs. Jessica Aguirre,stevenjohnson@example.org,Male,46,Wolfeside,2024-05-23
261,Christina Guerrero,morapaula@example.com,Female,36,North Jose,2025-04-11
262,Derrick Williams,alex25@example.net,Female,45,Henryville,2023-11-29
263,Beth Sherman,colin47@example.net,Female,31,South Brooke,2023-09-18
264,Michelle Armstrong,david55@example.org,Male,23,Lake Shanefurt,2023-06-17
265,Jeanne Jones,oday@example.net,Female,42,Samuelland,2023-12-30
266,Devin Hall,gregorybauer@example.org,Male,19,Hectorberg,2024-10-06
267,Joe Bradley,hernandezsharon@example.net,Female,21,Sanderston,2025-01-13
268,Jason Cervantes,kellydiana@example.com,Female,26,South Nicoleton,2024-05-08
269,Tyler Walls,dthompson@example.com,Male,20,South Lisa,2025-05-19
270,Daniel Vincent,patrickgreen@example.org,Female,47,West Patricktown,2024-07-18
271,Matthew Webb,grahamlisa@example.org,Female,23,Pattersonland,2024-10-04
272,Erik Burton,andrewhernandez@example.com,Female,29,Littlemouth,2025-03-31
273,Allison Richards,julian26@example.net,Male,56,Vaughnmouth,2024-01-29
274,Anthony Warren,robert96@example.org,Female,44,Torresshire,2024-06-24
275,Zachary Ryan,daniel58@example.net,Female,51,Lopezshire,2024-06-14
276,Jack Salas,dawnbell@example.com,Male,56,Lake Michael,2023-11-19
277,Anthony Martin,emays@example.com,Female,28,Ashleyside,2025-05-03
278,Lisa Carroll,veronicawilson@example.net,Female,24,Brookstown,2023-08-24
279,John Miller,zcurry@example.com,Male,33,Thomasmouth,2024-04-06
280,Scott Lee,shayes@example.com,Female,41,Lake Joseph,2023-07-23
281,Adam Smith,rfernandez@example.com,Male,18,Robertland,2024-01-13
282,Christina Solomon,mayerjoseph@example.org,Female,33,North Benjamin,2024-05-08
283,Brandi Cantu,shernandez@example.org,Male,60,West Nicholasmouth,2024-12-17
284,Michael Campos,aaron41@example.com,Male,55,Lake Christopherburgh,2023-12-03
285,Teresa Stewart,lacey86@example.org,Female,22,Port Elizabeth,2025-01-26
286,Zachary Cook,jmoore@example.net,Female,37,Graytown,2025-04-04
287,Renee Sims,lauren11@example.net,Male,50,Port Andrewstad,2023-12-02
288,Todd Lambert,olsonrobyn@example.org,Female,20,Richardburgh,2024-08-28
289,Dominic Anderson,taylor10@example.net,Male,48,North Juanland,2023-09-04
290,Maria Lynch,bakerlaura@example.org,Female,23,Cervantesmouth,2025-03-19
291,Frank Mcbride,asmith@example.net,Male,20,Adamsland,2025-03-15
292,Pamela Gordon,flowery@example.com,Female,59,Blackfort,2024-01-02
293,Mark Brandt,craig29@example.com,Male,35,East Taylorview,2024-11-08
294,David Marks,morsedavid@example.org,Male,57,Jonathanfort,2024-08-07
295,Teresa Bradley,ukelly@example.org,Female,55,West Jordan,2024-05-12
296,David Barnes,pittsmichael@example.com,Male,45,Port David,2024-07-18
297,Amanda Rivera,pearsontammy@example.com,Female,49,Huntertown,2024-05-22
298,Stephanie Clark,walterssusan@example.com,Female,47,East Maryburgh,2024-12-27
299,Laura Baker,walkerkevin@example.com,Female,28,New Yvonne,2023-08-28
300,Stephanie Melton,ejimenez@example.org,Female,40,East Joseph,2024-07-17
301,Becky Martinez,eileenwyatt@example.org,Male,34,East Bruce,2025-02-02
302,Amanda Taylor,charles19@example.net,Female,57,Robertbury,2023-06-20
303,Margaret Mccarthy,beth86@example.net,Female,31,Waltersmouth,2024-05-15
304,Brittany Lee,ubrown@example.com,Female,53,New Maria,2024-12-02
305,Christina Weaver,agomez@example.com,Male,35,Port Mark,2025-03-30
306,Benjamin Hardy,tonyalarson@example.org,Female,49,North Larry,2024-03-07
307,Kathleen Lopez,plopez@example.com,Male,23,New Jacqueline,2023-10-12
308,Patricia Campos,erica64@example.net,Female,39,Gonzalesstad,2025-02-12
309,Laura Moore,derrick74@example.org,Female,59,Henryville,2024-04-28
310,Alexander Cooper,olane@example.org,Male,22,North Stacie,2024-08-06
311,Jeffrey Henry,brendan47@example.com,Male,40,Adamsland,2025-04-05
312,Pamela Smith,michael83@example.net,Male,26,Johnhaven,2023-11-15
313,John Castro,cynthia97@example.net,Male,33,Tiffanyton,2023-10-20
314,Daniel Smith,vpatel@example.net,Female,27,West Luis,2024-07-21
315,Heidi Rasmussen,andrewjenkins@example.com,Female,23,North Timothy,2023-06-23
316,John Hodges,reneehowe@example.com,Female,54,West Michael,2024-12-06
317,Richard Schwartz,rbrown@example.com,Female,44,Tammymouth,2023-06-26
318,Jessica Patel,damonhansen@example.org,Male,29,Melvinton,2025-04-18
319,Michael Williamson,gonzalezrobert@example.com,Female,45,New Kenneth,2024-04-17
320,Marvin Rodriguez,youngkatherine@example.net,Male,38,Willistown,2025-01-20
321,Alison Mckenzie,jennifer12@example.com,Male,53,Rachelmouth,2024-12-14
322,Jeffery Cruz,gibsonmichael@example.org,Male,54,Lake Ashlee,2025-04-14
323,Alison Norton,fitzpatrickjamie@example.org,Male,37,Port Barbara,2025-03-21
324,Derrick Rice,gbryant@example.net,Female,56,Coreyview,2024-03-07
325,Theresa Zavala,sheena65@example.net,Male,24,East Ericside,2023-09-23
326,Mrs. Linda Ortiz,shannon40@example.org,Female,60,Roachchester,2024-04-11
327,Jerome Palmer,longdavid@example.org,Female,35,Patrickburgh,2024-04-27
328,Jared Chavez,danielpowell@example.com,Male,45,East Karenland,2024-09-10
329,Melissa Hall,mcdanieljoseph@example.org,Female,26,Ayersview,2024-02-15
330,James Lewis,justinjohnson@example.net,Female,40,South Rhonda,2025-03-16
331,Shaun Hernandez,aroman@example.com,Male,51,North Robert,2025-04-27
332,Ryan Nguyen,wdavis@example.net,Female,57,Port Denisehaven,2024-01-13
333,Gary Jones,watkinsdebbie@example.net,Male,24,North Diane,2024-02-17
334,Alexander Young,woodardmonica@example.com,Male,27,Ashleystad,2024-02-03
335,Kyle Anderson,leah29@example.org,Female,53,Jenniferhaven,2024-10-17
336,Dominic Ramirez,diana50@example.com,Male,42,Teresamouth,2025-05-28
337,Jeremiah George,francisco23@example.net,Male,50,Leslieville,2024-07-19
338,Jesse Thompson,youngwilliam@example.net,Male,20,Duranland,2025-01-14
339,Peter Luna,victormckenzie@example.com,Male,42,Davisshire,2024-04-12
340,Kevin Jones,wstewart@example.net,Male,52,Johnside,2024-03-12
341,Mikayla Simmons,bgarrison@example.org,Male,55,Simsmouth,2025-01-19
342,Margaret Boyle,shelly37@example.org,Female,52,Port Christina,2025-02-14
343,Zachary Gonzales,davidwhitney@example.com,Male,47,North Blaketown,2024-07-27
344,Deborah Cooley,nmorgan@example.org,Female,34,Powellview,2024-01-12
345,Mr. Joseph Miller,anthonygutierrez@example.org,Male,34,Port Lisaville,2023-12-01
346,Angela Maldonado,nconley@example.net,Female,51,New Thomasberg,2025-02-20
347,Alan Johnston,tricia05@example.net,Female,44,Lake Meghan,2024-09-07
348,Matthew Hays,torresjessica@example.org,Male,43,Deannafort,2024-04-20
349,Jessica Wagner,mramirez@example.net,Male,47,West Kenneth,2024-09-22
350,William Bush,warddaniel@example.org,Male,43,Cookside,2023-11-13
351,Stephanie Williams,ramirezamy@example.org,Male,42,Nicholshaven,2025-02-12
352,Lisa Perez,jose82@example.net,Female,38,Markburgh,2023-10-29
353,Jeffrey Fernandez,michellemcmillan@example.net,Male,58,North Catherine,2024-03-21
354,Nicholas Long,michaelcarr@example.com,Female,44,Travisberg,2024-12-28
355,Michael Spears,ycontreras@example.net,Male,36,Nicoleton,2024-06-12
356,Stephen Perez,brennanmelissa@example.org,Female,45,Lake Maurice,2024-01-10
357,Tyler Horne,kelseyfriedman@example.com,Male,21,Jasonmouth,2025-01-07
358,Melissa Knight,fbishop@example.net,Male,19,Alejandrobury,2024-01-16
359,Michael Robertson,bradyjennifer@example.net,Female,58,New Jeffrey,2023-09-12
360,Ian Cabrera,shelbywright@example.com,Female,41,West Stephanieborough,2025-04-12
361,Donald King,james90@example.org,Male,39,New James,2024-01-25
362,Ricardo Martin,stuart54@example.net,Female,21,Pearsonmouth,2023-09-19
363,William Quinn,patriciacarson@example.com,Female,25,Tracyton,2024-01-04
364,Joseph Fisher,lindaburke@example.com,Male,37,Grahamland,2023-11-20
365,Dana Clark,dbell@example.org,Male,30,Lake William,2024-06-29
366,Paul Vasquez,olsenfrank@example.org,Female,50,New Lorichester,2024-12-16
367,Timothy Thompson,suttonjose@example.org,Male,52,Jasonshire,2023-10-05
368,Laura Gomez,srodriguez@example.org,Female,23,West Johnhaven,2025-05-20
369,Anthony Hunt,kimberlycowan@example.net,Female,47,Jonathanbury,2025-03-20
370,Kimberly Miller,jeffreyperez@example.net,Male,35,New Peggymouth,2023-11-17
371,Pamela Arnold,mschultz@example.org,Male,36,New Craig,2025-03-08
372,Mark Brown,victoriashaw@example.com,Male,52,Judyville,2024-10-15
373,Stephen Lynch,cwalker@example.net,Male,56,Georgeton,2024-09-17
374,Kimberly Flores,robert32@example.org,Female,48,Lake Thomasmouth,2025-01-26
375,Susan Bradley,michaelgarcia@example.org,Female,56,West Andre,2023-06-20
376,Jamie Skinner,williamturner@example.net,Female,54,East Carlos,2025-05-30
377,Christina Duke,fmorris@example.org,Male,35,New Jon,2024-08-14
378,Kristen Buchanan,olsenbrian@example.com,Female,31,North Kimberly,2023-11-27
379,Erin Carr,nknight@example.net,Female,35,South Beverlyshire,2024-08-25
380,James Miller,lisa02@example.com,Male,36,Kristophershire,2024-01-11
381,Amy Martinez,patelcheryl@example.net,Female,26,Amyville,2025-02-10
382,Joe Sanchez,evanskyle@example.org,Female,33,Lake Nicole,2025-04-28
383,Patricia Smith,hesterkelly@example.net,Female,38,Lake Lauratown,2024-09-08
384,Rita Shaffer,ocarroll@example.net,Male,56,Khanbury,2023-09-25
385,Lisa Sanchez,campbellmelissa@example.net,Female,43,Port Christinechester,2023-10-26
386,Nicholas Davis,lparker@example.net,Male,45,South Dorothybury,2023-07-02
387,Ellen Phillips,kingmartha@example.org,Female,35,Nashside,2023-08-17
388,Howard Kelly,stephanie28@example.com,Male,51,Port Juan,2024-11-28
389,Jason Wheeler,bethwest@example.net,Male,34,Carriebury,2024-10-08
390,Eileen Hayes,laurenthornton@example.com,Male,56,East Lisa,2023-06-17
391,Christina Howell,jeffery97@example.com,Female,46,Delgadofort,2025-05-10
392,Luis Cummings,timothy94@example.org,Female,52,Mitchelltown,2023-12-23
393,Carrie Bush,dmeadows@example.com,Female,19,Garyville,2025-05-06
394,Vincent Proctor,zsoto@example.com,Male,33,New Jacobtown,2025-03-19
395,Alan Watts,michaelhester@example.com,Male,46,Carterville,2024-12-03
396,Catherine Thompson,robert74@example.com,Female,40,North Anthony,2025-04-23
397,Robert Dunn,burnettisabel@example.com,Male,54,New Danielle,2024-03-01
398,Betty Navarro,nlawson@example.org,Male,24,Watsonbury,2025-03-05
399,Michelle Rich,robertsrobert@example.net,Male,38,Dennisstad,2024-02-17
400,Nicholas Floyd,ahurley@example.net,Male,35,East Ericville,2024-04-14
401,Gail Beard,tward@example.com,Female,30,Davidfort,2023-12-07
402,Erika Morris,matthewbennett@example.com,Male,42,New Michael,2024-09-20
403,Patrick Velez,ehorne@example.org,Female,41,West Joshua,2024-01-22
404,Timothy Perkins,camposrandy@example.com,Male,30,Rossborough,2024-11-28
405,Becky Johnson,jacquelinestewart@example.com,Female,31,Ginastad,2025-03-07
406,Jonathan Patel,mitchelldominguez@example.net,Female,43,Shannonfort,2024-12-21
407,Connor Woods,tbarrett@example.net,Male,29,Romerobury,2024-01-22
408,Nancy Rivera,jonesjonathan@example.org,Male,30,New Elizabethmouth,2024-02-09
409,Jay Stewart,julie64@example.net,Female,42,East Michaelville,2025-01-24
410,Jeremy Moore,crawfordryan@example.net,Male,53,North Anna,2023-10-13
411,Tara Lopez,kathleenthompson@example.com,Female,29,South Pamelaborough,2024-12-16
412,Walter White,fbass@example.net,Female,25,Adrianashire,2025-06-08
413,Rachel Simmons DDS,walter88@example.org,Male,29,Daltonville,2024-03-06
414,Andrea Perkins,htaylor@example.com,Male,36,Ernestberg,2025-04-07
415,Veronica Snow,fjones@example.org,Male,39,Lisatown,2023-09-30
416,Kenneth Daniels,walkerjustin@example.com,Male,41,Lowerybury,2024-07-26
417,Traci Romero,josephmoore@example.com,Female,24,Fisherburgh,2025-02-27
418,Mrs. Karen King,justinharris@example.org,Female,36,Josephfort,2024-04-06
419,Scott Stuart,rmartinez@example.net,Male,49,North Francestown,2025-05-05
420,Eric Kelley,csantos@example.com,Male,22,West Crystal,2025-06-03
421,Kimberly Marshall,droman@example.net,Female,40,New Benjamin,2025-03-11
422,Kenneth Morrison,smithjermaine@example.com,Male,55,Port Karenside,2023-07-18
423,Peter Jones,harringtontiffany@example.org,Male,33,South Paulton,2024-08-18
424,Daniel Garrett,angelamathews@example.net,Female,22,Port Brittanyfort,2024-03-07
425,Lindsay Hunt,jonathonstephens@example.org,Male,49,Port Paulberg,2024-04-24
426,Christopher Lewis,klynch@example.com,Female,19,South Ericamouth,2025-03-27
427,Amy Chase,powersshawn@example.com,Female,37,Austintown,2024-01-29
428,Megan Mason,freemankenneth@example.org,Female,53,Beckyton,2024-02-15
429,Robert Oconnor,hubbardbrent@example.org,Female,31,North Jamestown,2023-08-24
430,Jared Steele,keithbest@example.net,Male,57,Lake Jill,2025-05-16
431,Margaret Mays,shannon48@example.org,Female,43,Lake Crystalport,2023-10-22
432,Natasha Padilla,joseph83@example.net,Female,34,Marshstad,2024-12-14
433,Zachary Whitney,gary19@example.org,Female,47,East Mollyton,2024-05-04
434,John Smith,sergio77@example.org,Female,44,West Colton,2024-01-31
435,Vickie Brown,jenniferewing@example.org,Female,54,Whitehaven,2025-03-02
436,Maurice Jones,claudiaboyd@example.net,Female,33,Chungmouth,2025-01-02
437,James Lawrence,hilljohn@example.org,Male,19,Harveyborough,2023-06-15
438,Noah Benson,jacob44@example.com,Female,50,South Joshuamouth,2024-02-25
439,Sarah Mcintosh,xsullivan@example.org,Female,35,Lake Dillonhaven,2025-04-29
440,Tiffany Johnson,figueroakaren@example.net,Male,25,Cookside,2023-09-02
441,Jeffrey Pearson,kochkathleen@example.org,Female,18,New Brittany,2024-11-05
442,Mike Smith,ramosjesus@example.com,Male,21,Lake Jonathanland,2024-10-30
443,Mark Lopez,gregorygray@example.net,Male,27,Port Carrieport,2024-03-21
444,Erik Carter,bookeradam@example.net,Female,56,Gabriellabury,2023-12-01
445,Laura Bell,vphillips@example.org,Female,27,Boydland,2024-12-11
446,Mark Taylor,scott80@example.com,Male,18,North Amber,2024-10-03
447,Amber Hubbard,vdunn@example.org,Female,33,Samanthaland,2024-01-21
448,Brian Johnson,jamie46@example.org,Female,41,East Jennifer,2024-01-26
449,Paul Mcmahon,tcastillo@example.net,Female,50,Alexisview,2024-05-02
450,Michael Simpson,ymills@example.org,Male,37,South Laura,2023-12-21
451,Jessica Lopez,johnmartin@example.com,Male,29,Bradshawport,2023-07-06
452,Christina Obrien,jennifer34@example.com,Male,29,Cindyberg,2023-06-29
453,Victor Hudson,kathleen02@example.org,Male,29,Michaelfurt,2024-11-16
454,Jasmine Bates,rosegeorge@example.net,Male,42,Davidburgh,2024-07-28
455,Matthew Campbell,colebrady@example.com,Female,53,Nguyenview,2023-07-02
456,Christopher Lee,tonychapman@example.com,Female,24,New Calvin,2023-10-31
457,Lindsey Myers,hernandezrobert@example.com,Male,47,Maryview,2023-12-19
458,James Fletcher,danielmartinez@example.org,Female,48,Navarrofurt,2024-01-07
459,Stephanie Lawrence,heather17@example.org,Male,51,East Jessica,2024-01-18
460,Mary Owen,clarkheather@example.org,Female,59,North Amandaview,2023-09-07
461,John Baker,johnny65@example.net,Female,49,East Cindybury,2024-01-19
462,Mary Pacheco,melissahoffman@example.com,Male,24,Ericville,2024-12-23
463,Pamela Lee,cwilliams@example.org,Female,51,Sheatown,2024-05-28
464,Stacey Rodriguez,james72@example.net,Female,57,Perezside,2025-03-07
465,Colleen Lopez,cynthia21@example.net,Male,24,Johnton,2024-02-27
466,Frank Carroll,justinhernandez@example.org,Female,20,East Brianmouth,2023-09-19
467,Margaret Coleman,millersteve@example.net,Female,28,Port Regina,2024-10-07
468,Mrs. Suzanne Flores PhD,christine67@example.com,Male,28,Traceyshire,2023-06-10
469,Samantha Williams,nmeza@example.net,Male,29,Port Alyssaview,2024-10-28
470,Shane Cook,moraleskimberly@example.com,Male,59,South Donnaport,2024-05-14
471,Crystal Wilcox,garrettgonzalez@example.com,Female,32,South Marissaland,2024-09-09
472,Evelyn Kim,corey63@example.net,Male,28,North Tracy,2023-12-04
473,David Villegas,amandacampbell@example.net,Male,35,Gabrielleton,2025-05-20
474,Mr. Jeffery Perry,roberttyler@example.org,Male,22,Garciaborough,2025-04-24
475,Jonathan Martin,dshelton@example.com,Female,36,Vincentburgh,2024-03-22
476,Cristina Peterson,cody14@example.org,Male,60,Reidville,2023-08-26
477,Cynthia Boyd,bshaw@example.net,Female,19,Charlesstad,2023-11-14
478,Brooke Calderon,janetthompson@example.com,Female,22,South Ann,2024-06-04
479,Sara Espinoza,kaylee03@example.net,Female,28,Tarahaven,2023-12-03
480,Cindy Johnson DVM,sjackson@example.net,Female,44,Kingmouth,2023-07-10
481,Ms. Tammy Villanueva,kenneth21@example.com,Male,47,Richardmouth,2023-11-01
482,Casey Melendez,ericksonmartin@example.com,Female,51,Rogerston,2024-09-11
483,Daniel Cole,powerstamara@example.com,Male,32,West Ashleyberg,2025-02-01
484,Tiffany Taylor,juliewoodward@example.org,Female,29,Ericbury,2024-03-13
485,George Welch,mendozamichael@example.net,Female,54,Kristineberg,2024-10-09
486,John Mendoza,vchase@example.org,Female,51,Williamsonbury,2025-04-08
487,Johnny Harding,knightjennifer@example.net,Male,22,Jamesstad,2023-08-25
488,Rachel Escobar,zleon@example.com,Female,22,Kathleenfort,2025-01-08
489,Wendy Cooper,caroline87@example.org,Female,51,North Morganborough,2023-10-06
490,Janet Phillips,samuelrichards@example.net,Male,29,North Danielside,2025-01-24
491,Bryan Ray Jr.,amyhoover@example.com,Male,23,East Eric,2024-07-04
492,Jessica Holden,nunezashley@example.net,Female,39,Stephensbury,2023-11-26
493,Robert Christian,juliehendricks@example.net,Male,33,Port Victoriaview,2025-05-20
494,Angela Hardy,wbauer@example.net,Female,57,Juanmouth,2023-11-24
495,Michael Wilson,harold74@example.org,Female,29,Port Kurtberg,2025-04-11
496,Jessica Woods,xosborn@example.org,Male,55,Jeremyville,2023-08-28
497,Timothy Moore,evelyn13@example.org,Female,23,Rhondaton,2024-02-14
498,Joshua Hunt,wmarquez@example.net,Female,27,Darrylstad,2025-05-29
499,Lindsey Rodriguez,dwilliams@example.com,Female,21,Justinchester,2024-05-02
500,Connie Hall,zacharymiller@example.net,Female,23,West Sherry,2024-11-13
