feedback_id,customer_id,product_id,rating,comment
1,111,69,1,Free benefit structure thus.
2,497,41,4,Oil blood contain friend program.
3,413,84,1,Soldier administration first our.
4,334,63,4,Difficult price himself say seek.
5,302,22,2,Kid moment whole every return.
6,278,36,2,Organization goal industry hospital.
7,3,53,5,Hard western above.
8,470,65,4,May strategy according sign these stage around could.
9,162,15,1,Heart color city eye plan team.
10,223,25,4,Some major least evidence that yeah.
11,325,62,3,Action three late direction this public.
12,191,93,4,Officer hot public weight although tell north.
13,33,14,4,Both third face show son statement almost.
14,286,98,2,Miss probably next last might.
15,274,9,1,Industry expert goal.
16,340,21,4,Whose start collection difficult.
17,442,12,1,Instead where American set blue send remain position.
18,133,5,1,Operation free culture thousand catch.
19,71,84,5,Price green represent end leave.
20,470,7,2,Technology without between begin official.
21,471,8,2,Politics page even story.
22,89,1,1,Admit spend respond red speak test.
23,284,92,2,Take official wind add all.
24,496,3,4,Environment student must garden per hot small carry.
25,297,67,4,Blood traditional window former staff animal tell.
26,256,25,3,Him cost she class.
27,483,76,5,As around word executive.
28,107,7,4,History fish create say here cup far matter.
29,44,89,1,Over others upon purpose.
30,125,99,1,Purpose measure experience yet west east.
31,186,92,1,Thought right page cut though.
32,389,43,3,Thought pattern floor.
33,478,21,3,Cup one worry exist per ball newspaper.
34,61,24,3,Teach one manage would point partner prepare.
35,272,89,2,Prove eight single something serve still.
36,163,21,2,Election when nothing people set.
37,265,86,2,Plan likely financial sell still yes fight break.
38,11,48,2,Respond now others vote professor catch.
39,440,9,5,Move size maybe himself anything page church window.
40,267,62,4,Cultural history black outside apply idea area.
41,378,48,2,Seven peace approach adult early.
42,430,38,1,My break ever direction any keep letter.
43,321,25,2,Add maybe until everything.
44,274,36,4,Low age common company design step political professor.
45,252,15,2,Ok want year record cut now.
46,51,84,2,Economy world population.
47,123,65,1,Item support say arm expect short natural.
48,450,84,1,Include white challenge onto animal believe.
49,458,81,2,Election financial manager the check once anyone.
50,253,56,2,If itself western brother five father.
51,281,88,5,Strong exactly walk.
52,124,39,2,Weight specific plant move investment career.
53,277,95,5,Company more arm.
54,497,50,4,Series civil today war always however major.
55,399,96,1,List tend ago rest seat member catch.
56,250,67,2,Dinner challenge data these.
57,469,65,1,Wind sometimes sometimes a land left.
58,261,60,1,Go garden remain television series.
59,93,48,3,Mention individual there.
60,407,29,3,Part tough significant edge drive.
61,403,38,2,Participant animal which.
62,157,24,2,Take adult chance.
63,171,79,3,Hand economy ask own.
64,398,15,4,Door standard office he born quite.
65,28,12,3,Check allow consumer large from.
66,494,51,2,Expert alone position dog citizen.
67,328,79,3,Detail indicate its hope because act.
68,198,35,1,Himself exist science career course.
69,268,10,5,Concern behavior serve source.
70,276,71,1,Year tough upon use lot.
71,136,78,5,Region artist cut recognize night.
72,331,61,5,West away street sound billion nothing nice.
73,63,31,5,Good south in trip.
74,25,77,5,Then back business must meet natural.
75,239,70,3,Notice police commercial religious energy event book call.
76,351,49,2,Conference state positive brother child.
77,71,39,3,Husband top note debate community suggest.
78,29,99,3,Task college program guy remain number.
79,494,61,2,Note close so night.
80,488,6,1,Federal none represent entire.
81,221,42,1,Strong popular action kitchen.
82,264,13,5,Space pretty thousand former we magazine.
83,388,32,2,Dinner between group top yourself foot but parent.
84,76,44,1,Stand either gas night reflect his spend young.
85,336,11,1,Six peace prove pass.
86,225,85,1,Most dinner financial yard performance.
87,316,97,4,Six case someone quality raise.
88,42,23,3,Great rise step believe price blood.
89,112,100,1,Fast course low issue art.
90,432,63,2,Easy culture half huge.
91,11,56,3,Picture red somebody standard we despite.
92,309,33,1,Voice research compare TV stage five scene.
93,481,55,5,Arrive others people land real.
94,416,47,5,Practice better heart garden light magazine call.
95,268,34,4,Develop specific thought into choose.
96,18,75,4,Notice expect ahead local stage.
97,296,35,2,Carry TV become quality step once.
98,493,22,2,Drive include including actually clearly sport.
99,336,88,2,Special film thank yourself student in think fall.
100,483,60,3,Fill face responsibility week big difficult glass.
101,236,23,4,Consider option fast natural.
102,180,79,2,Among watch step say put health.
103,328,17,2,Minute at parent idea find action everybody.
104,398,66,5,Past bank will security recognize else interesting.
105,458,52,1,Establish water item performance.
106,296,17,2,Or discussion perform history western reflect.
107,201,29,5,Full something same.
108,381,99,5,Federal whom door case modern.
109,97,65,1,Model join against according where.
110,191,94,2,Manage I around.
111,473,36,2,Newspaper popular staff side reality throw huge.
112,348,56,5,Section tell report responsibility.
113,11,41,2,Heart policy five name.
114,305,84,1,Between southern myself expert attorney.
115,59,82,1,Become point accept story blue his.
116,114,45,5,Including where send size current.
117,349,77,1,Research then hospital stuff threat everybody old.
118,14,31,4,Purpose nice why single.
119,76,60,4,Cost sure law his though.
120,384,27,4,During technology sit deep enough federal.
121,288,100,1,Set whatever quality study region million away.
122,246,2,1,Perform see table final cost phone.
123,380,14,5,President state significant something new.
124,35,99,3,Score before in part walk probably.
125,46,52,3,Town listen skin.
126,431,57,4,Scene chair magazine mouth great forget determine discuss.
127,237,100,2,Follow today thought son truth.
128,139,54,1,Save production do.
129,25,86,2,Anything no responsibility great west seven trade.
130,422,16,4,Hard seven certainly guess front decision wonder.
131,110,7,4,Shake structure meeting allow.
132,285,64,1,Model police quite section during even break market.
133,116,84,5,Eat almost dark all who finally detail least.
134,323,14,3,Stage interesting summer simply suddenly society without.
135,51,17,3,Represent impact upon art car already.
136,85,87,2,Little sometimes window various great suddenly nation house.
137,203,50,5,East anything take vote church mother policy.
138,190,87,3,This decade allow professor build.
139,205,60,3,Start two safe open wear there actually.
140,168,16,1,Choice yourself career ever not prevent democratic.
141,8,10,2,Kitchen trip environmental cause skin oil whatever.
142,160,2,2,All significant pay mean create himself become.
143,494,42,4,Man itself know part street arrive prove.
144,369,59,5,Tax whether special order brother couple nice.
145,333,54,3,Responsibility series green six body its.
146,308,27,3,Relate paper civil face fund cold option.
147,87,39,5,Box experience recently true specific.
148,295,35,1,Population couple home social.
149,417,30,4,Pretty seat better compare suddenly.
150,405,19,1,Color us leader actually agency plan.
151,439,88,5,Couple strong of will.
152,166,98,1,Best stuff similar.
153,115,45,4,Defense term address computer finally put.
154,490,45,3,Next around choose public first.
155,307,35,5,Behind support talk size whose require resource.
156,54,67,4,Do would on us.
157,434,48,2,Door true less.
158,181,78,5,Yourself alone charge in cost together.
159,208,77,2,Raise focus any benefit.
160,118,76,1,International meeting community national local town training fire.
161,394,97,5,Table issue somebody debate our film expert.
162,4,54,4,Wait onto hour cell rich visit political.
163,448,84,1,Certain suggest ago magazine answer mission.
164,19,69,4,Take he drive officer happy her.
165,440,9,5,Floor writer subject daughter.
166,113,79,2,Budget future just make.
167,282,54,5,Value federal technology five issue.
168,440,91,3,Yard particularly business join.
169,96,68,5,Bag number help but out social claim.
170,448,12,3,Hotel fall group begin firm.
171,6,80,3,Five him name get.
172,150,20,3,Career discover my hold mission piece.
173,188,77,4,Open forward girl Congress business.
174,478,54,2,Future who movement finally.
175,180,44,2,Floor network change throughout local war garden develop.
176,159,42,2,Model effort fact painting section item.
177,376,66,4,Reality store off doctor thought book good.
178,384,68,4,Sea side result year.
179,335,45,2,However scene window tax anything second cup.
180,428,38,5,Interesting see cell anyone newspaper another better.
181,128,87,5,Teach Democrat process create vote value safe control.
182,185,90,2,Exactly tough daughter realize eye cut.
183,81,30,5,Skill onto suffer.
184,275,48,2,Year possible record according sure expect.
185,31,84,3,Face provide carry present.
186,130,96,2,Fish left participant certainly very popular.
187,129,69,5,Where dinner in grow however have.
188,305,75,4,Fly bed door gun.
189,24,12,5,Page question political box hot plan.
190,127,49,1,Crime health full act ever.
191,167,10,1,Social out mention heart growth doctor we.
192,237,91,5,Condition nature marriage popular view those make.
193,146,28,4,New close prevent relate order.
194,46,29,5,Like military better their against.
195,246,31,3,Same front data bill activity.
196,145,77,2,Poor its shoulder into.
197,352,87,4,Race close little technology strong.
198,354,22,4,History as our likely.
199,370,60,2,Later human win direction most executive thus.
200,320,12,5,Position house mission data.
201,336,11,4,Great career participant west keep appear.
202,94,25,5,Behavior shoulder natural throughout second effect size.
203,343,58,4,Type because who explain.
204,273,13,1,Send brother life against along prove.
205,327,9,2,Technology which not us case message.
206,364,88,1,Base operation speak race particularly catch instead.
207,388,7,4,House production manager finish.
208,204,30,1,Bill result degree health provide challenge party.
209,68,21,2,Politics several even factor five since performance.
210,470,68,3,Couple see coach yet allow foot.
211,240,81,5,Time morning sing hotel turn.
212,190,54,4,Politics mother might cold because decade central.
213,69,90,2,Worry concern property most message spring director population.
214,190,19,2,Energy prove machine such long.
215,444,42,5,End sense effort often reflect live.
216,119,43,2,Easy impact generation exist protect better catch.
217,449,28,5,North church stage interview respond great.
218,33,89,4,Would office class program pass question poor feeling.
219,257,100,5,Appear ago whether past enter west movement.
220,96,89,2,Not can once mouth such beautiful.
221,479,58,2,Spend PM look method.
222,361,27,5,Kid happy born rich fill board.
223,250,52,1,Write world however term condition such certain professional.
224,443,74,1,Seven oil material ago tree eat.
225,122,49,4,So order stage such perform.
226,443,69,2,Station effect race country sure model.
227,178,86,5,Drive present plant lawyer community.
228,182,92,3,Body information risk.
229,271,19,2,Effect before maybe.
230,226,47,3,Might hand involve agree.
231,241,94,5,Card sense kind reach important from why.
232,167,44,5,Democrat apply gas story power key same.
233,158,20,5,Bar available future this.
234,450,74,3,Or specific case help think.
235,455,60,5,Manage blue require region.
236,185,83,3,Continue quite consider what have police recognize.
237,71,35,3,Music knowledge look drop.
238,147,63,1,Tough lay college fine south order organization.
239,314,68,5,Entire hard red add.
240,209,6,1,Small every thing right exactly face.
241,255,34,2,Go firm amount ask almost recent church.
242,120,10,4,Important result language doctor senior.
243,387,4,1,Police suddenly leg instead sea spring successful.
244,129,97,5,Hold fall up institution type no.
245,300,22,1,Sometimes agreement one past member them capital.
246,370,10,4,Safe air its kitchen season vote ball.
247,122,32,2,Push grow serious property daughter if investment.
248,210,35,4,Half or question maintain cell.
249,376,24,2,Catch her mention professor.
250,496,91,5,Early look hour arm behavior drug.
251,439,21,2,Activity newspaper live easy able.
252,317,66,3,Pass nor forward fear she most treatment sea.
253,114,65,3,Media as general up agreement.
254,124,49,1,Movement begin seat sit professor door.
255,107,95,2,Material land everybody its.
256,279,52,1,Defense she involve real join office.
257,298,48,2,Imagine stage food add guy during.
258,185,47,3,Past analysis issue threat.
259,489,35,4,Challenge form great technology the suggest coach hair.
260,144,49,4,Right above range television car win heavy here.
261,248,86,1,Meeting both information feel some leg.
262,6,45,4,Test most edge gun suggest.
263,356,53,5,Grow method say him plant good rock beautiful.
264,197,84,5,World indeed rate big course give American.
265,261,55,1,Black matter low listen government.
266,203,64,2,Wall available from piece.
267,312,55,1,Rule already information role sound.
268,104,87,1,Send country state.
269,95,33,2,Employee very tough pressure position.
270,174,95,4,American professor close could.
271,402,92,3,Month cover wait great hour.
272,217,53,2,Husband real from relationship.
273,317,7,5,Garden detail us.
274,480,10,1,Instead increase him occur she others including hear.
275,148,41,5,His up leave go box by such parent.
276,283,96,3,Spring record little begin type.
277,146,54,4,Policy staff be year.
278,264,12,1,Outside goal read share sense financial under.
279,230,53,5,Response guy able produce.
280,329,54,3,Set available write truth identify say.
281,495,89,2,Measure president occur power answer too.
282,117,99,4,Also such mention city difference age ten eat.
283,69,31,2,Production best present often similar enjoy.
284,11,42,4,Move cultural possible movie follow report.
285,152,76,3,Speak development close fund especially.
286,407,9,2,Why who approach.
287,470,37,1,Late end room common kitchen behind any expert.
288,257,77,3,Level analysis history southern.
289,328,71,3,Student outside heavy first from.
290,495,71,1,Appear relationship coach do why share.
291,238,19,3,Sing mean south student push concern company.
292,478,45,5,Mention stuff spring.
293,329,41,4,Behind oil control.
294,214,48,3,Allow world their.
295,433,78,3,Majority door rock.
296,44,50,1,Floor remain name simple way.
297,422,99,5,Between behavior clear play security end.
298,112,47,2,Throw senior find technology surface not enough Mrs.
299,484,91,3,Machine relate service charge.
300,324,55,5,Building real after analysis could learn specific.
301,286,99,3,Agent friend region knowledge myself bad believe.
302,196,37,3,Could moment feel.
303,259,100,5,Nature outside ever someone indeed.
304,271,40,2,Control song less common view.
305,26,65,1,Who bank worry try discuss think message.
306,30,74,4,Movie teacher summer maintain work.
307,243,97,1,Town radio easy thing look century.
308,67,26,5,Each then history purpose identify.
309,445,44,2,About yes unit study prevent less.
310,145,4,4,Paper leave address.
311,286,75,4,Training statement computer meeting card.
312,283,39,1,Though level government interest black.
313,78,34,3,Sell test message physical.
314,328,51,5,Site meeting already image.
315,141,55,5,Six some improve blood produce list current.
316,157,83,3,Arm teacher answer week opportunity election.
317,471,100,3,Enough reality eye crime rule.
318,93,14,2,Director some spring human much four as girl.
319,312,29,2,Provide example lose government.
320,141,9,4,Trouble partner detail garden pressure southern.
321,162,92,1,Your by despite stop sound.
322,213,91,2,American agent this receive.
323,351,98,2,Use soon seat customer out sing scientist hot.
324,264,65,3,Significant large pattern TV pressure foot good.
325,166,72,3,Partner simply fish bill.
326,90,13,1,Fill including food rest line development factor.
327,84,41,3,Television dark finally player billion learn quite city.
328,441,77,2,Local behavior beautiful federal way same necessary.
329,333,86,5,Respond billion pick.
330,32,90,1,Why site policy boy.
331,335,9,2,Space beyond class six friend effort civil.
332,124,51,5,Operation activity truth human left fact economic.
333,70,13,2,Field voice store.
334,308,60,4,Fish hit nice company.
335,173,12,4,Range skill between book necessary performance.
336,284,74,3,Knowledge statement guy need response.
337,132,43,4,Out service PM to gas.
338,473,47,2,News participant room even especially watch.
339,432,53,3,Debate politics the near especially meet boy.
340,297,69,4,Everyone sit project item.
341,202,23,4,Sea today population middle if.
342,130,13,5,Almost art usually day benefit.
343,187,91,3,Pick remember hair knowledge away like.
344,94,25,2,Pattern scene sort indeed.
345,329,21,4,Almost assume practice country.
346,401,85,2,Dream natural get.
347,96,20,5,Finally middle tend bag important possible threat.
348,219,37,5,Act bill think what large perform.
349,72,9,1,Compare partner model old enough technology major yeah.
350,178,49,4,Those huge range stock.
351,401,5,3,Also wall manager arrive compare really.
352,141,72,5,Talk probably voice.
353,174,70,2,Never accept woman item Democrat.
354,91,52,4,Anything foot growth service majority actually response.
355,58,59,4,Over price good American cold notice.
356,36,13,2,Happen nor every defense trip.
357,122,93,3,Night option sister build today.
358,176,51,1,Happen box necessary something rise.
359,195,71,1,View prove official position number stand professional sport.
360,424,55,4,Final look suggest art similar.
361,16,85,2,Total threat air middle name support movie.
362,386,98,3,Hot wish accept entire everything police bad.
363,2,53,2,More report ability meeting partner identify pay.
364,500,35,3,Manager card few mouth present.
365,371,67,1,Go cold strong point occur.
366,362,75,3,Thousand try suddenly politics kind interest dark.
367,32,28,4,Health bad successful customer thousand.
368,274,4,5,Shoulder tend state business large bit.
369,372,19,5,Else detail contain red soon real.
370,315,39,2,Dinner stand agency none.
371,214,74,1,Business he wall table program answer home.
372,438,83,2,Just water significant book agent.
373,7,7,1,Perform quality when sign perhaps fall hospital.
374,459,65,4,Father you establish oil car.
375,112,100,4,Necessary thus all.
376,135,39,2,Treatment responsibility benefit later maybe miss by challenge.
377,273,9,5,Whom table physical class each.
378,161,30,2,Who two girl culture important really above.
379,56,3,2,Machine pretty marriage stand house create.
380,298,3,1,Letter positive their prepare improve.
381,138,3,3,Scientist work leave capital manager success.
382,160,99,3,Leader factor yourself economy cover.
383,217,75,5,Book maintain group later Mrs leg.
384,256,10,1,Space far management speech kind.
385,25,45,4,Scientist themselves adult news.
386,59,30,4,Near administration result.
387,436,76,2,Require occur third school middle.
388,320,36,2,Act perform item safe.
389,388,92,2,Strategy deep local note third foreign care.
390,170,23,4,Three not fall world already rich.
391,313,10,5,Perhaps almost who draw TV ten.
392,110,80,4,Financial decision then.
393,10,41,3,Stock first front how run late break cost.
394,485,31,2,Occur young south employee accept.
395,353,81,2,West see know hour lawyer easy.
396,348,45,3,Hospital water boy.
397,161,96,4,Rich according government feel condition.
398,273,56,5,Girl miss here film factor.
399,59,86,4,Indicate best between strategy against join television.
400,311,91,5,Cut oil move.
401,180,57,4,Require lot miss.
402,21,85,4,Story weight affect somebody group.
403,171,46,2,Ever capital thank off eye product.
404,56,82,1,Total professional price enjoy now yes begin.
405,49,97,1,Final rule attorney chair get.
406,456,94,1,Pattern force several.
407,108,74,4,Language us happen which power.
408,255,29,2,Without join car drop subject president.
409,83,88,2,Group music guy be.
410,265,5,5,Purpose employee various business.
411,313,31,4,Just artist hotel stay.
412,249,86,1,Arm writer recognize.
413,250,36,5,Magazine black through dog.
414,204,11,4,Left when production.
415,450,58,4,Avoid parent apply.
416,278,90,1,Something me feeling over agree reality product natural.
417,474,13,3,Season whose together tax relate computer.
418,441,57,5,Less machine arm option.
419,171,9,2,Pick share character boy answer pick.
420,365,27,3,Body and model mind statement according.
421,152,10,3,City everybody grow act reflect alone.
422,479,54,2,Particularly assume color describe car partner.
423,166,7,4,Speak face industry usually adult.
424,75,40,2,List less few off majority rich.
425,265,15,4,Mention cold fact nor environment hotel well.
426,249,59,2,Hard deep rate yeah wide.
427,469,30,4,Rather night lose model six.
428,252,88,1,Become test reality project close federal everyone.
429,458,88,1,Pressure sell coach subject herself room change.
430,327,63,3,Event moment letter girl I.
431,91,5,4,Exist policy local animal agree.
432,211,83,2,Increase security sort lawyer able while hospital.
433,171,77,3,Million cold impact ability.
434,177,56,4,Buy up who course behind style me.
435,265,81,2,Stay they account far perhaps.
436,362,45,2,Nation light beyond range ball.
437,89,95,1,Bank country radio clear conference soldier else sing.
438,96,62,3,Wife tell old.
439,413,39,2,But born time leave course heavy red.
440,78,64,4,Media couple poor play a after.
441,133,52,4,Board senior recognize.
442,282,97,4,Officer Mr street old parent director camera.
443,405,85,5,Top idea tell table someone pattern skill.
444,323,86,3,Arrive indicate prevent might.
445,389,3,5,Method summer stop account less become.
446,415,86,3,Much expect high can lead.
447,397,77,1,Avoid buy happen who.
448,479,8,5,Region movie seek few society door.
449,242,42,5,Society travel since draw necessary east.
450,140,34,5,Speech relate new population movement bag air.
451,497,93,5,Factor end wide approach attention arrive.
452,93,74,4,Drive evidence investment force investment raise over.
453,106,79,1,Research check with.
454,261,12,2,Attorney star would new step.
455,408,12,2,Yet benefit mention each behind both professor.
456,210,84,3,Full continue into range.
457,223,99,5,Water section garden think quickly statement.
458,321,47,1,Beat special everybody huge fly protect.
459,428,70,1,Officer really recent defense sometimes.
460,84,2,3,Option democratic chair body professor.
461,175,88,2,Itself sea little administration car treat.
462,429,42,4,Class score turn child fight training either.
463,127,13,5,Four successful yet effect television form century kitchen.
464,47,31,5,Name time skin rich out.
465,261,44,4,Book however leg accept growth with.
466,489,78,3,Central travel cup forward realize at.
467,30,51,2,Smile expect ball wrong feel especially her.
468,32,2,4,Buy coach gun husband.
469,456,46,3,Quickly produce control phone about.
470,5,94,5,Still rise place another certainly wife job.
471,482,42,4,Chance ball middle million.
472,216,55,2,Mind change back us president.
473,97,39,1,Hold blue soon each successful hand.
474,372,69,5,Remember term alone lead then once laugh.
475,294,11,3,Necessary range test its relationship of.
476,337,49,3,Not different give card.
477,173,39,3,Year agree including and.
478,6,19,1,My mouth guess may day positive manage.
479,61,68,5,Affect board meet create society until.
480,107,39,1,Give wish name surface training wait church particular.
481,476,38,2,Red her adult.
482,449,47,3,Baby up address serve wind hit.
483,222,46,1,Staff news century reveal final cold.
484,40,43,5,Forward front top detail in cup gun fight.
485,60,51,4,Trial seat bar.
486,211,82,4,State remain one current.
487,229,75,1,May natural increase move message success major.
488,34,51,2,Above loss threat wonder write simple.
489,238,74,2,Just summer professor detail state turn.
490,310,10,4,List determine half college interesting art them.
491,331,72,4,Recent get drop yeah.
492,271,20,2,Total positive form nature future question seven.
493,202,29,4,Son maybe property source four name.
494,33,68,4,Effort serve age upon.
495,185,86,4,City beyond economy represent.
496,88,46,3,School group here skill friend cultural blue partner.
497,136,58,1,One probably cover group for only.
498,305,65,3,Real whatever little development.
499,201,33,3,Order later day physical bank.
500,217,51,2,Marriage food building bring research.
